"","expr","min","lq","mean","median","uq","max","neval","cld"
"1","Rubin's Rules",302.815207,310.6565735,318.3781308,318.803937,323.541036,348.10194,100,"a  "
"2","Jackknife",833.724976,857.1396095,880.0479656,865.8003185,880.0646505,1196.019864,100," b "
"3","Bootstrap",7082.261579,7181.178081,7301.27387945,7248.018675,7366.82016,7799.345649,100,"  c"
